Position,Name,Salary,GameInfo,AvgPointsPerGame,TeamAbbrev 
RB,Le'Veon Bell,9300,PIT@DET 10/29/2017 08:30PM ET,,PIT
RB,Ezekiel Elliott,9200,DAL@WAS 10/29/2017 04:25PM ET,,DAL
WR,Antonio Brown,8800,PIT@DET 10/29/2017 08:30PM ET,,PIT
RB,LeSean McCoy,8700,OAK@BUF 10/29/2017 01:00PM ET,,BUF
WR,A.J. Green,8600,IND@CIN 10/29/2017 01:00PM ET,,CIN
WR,Julio Jones,8400,ATL@NYJ 10/29/2017 01:00PM ET,,ATL
RB,Melvin Gordon,8100,LAC@NE 10/29/2017 01:00PM ET,,LAC
WR,Mike Evans,7900,CAR@TB 10/29/2017 01:00PM ET,,TB
WR,Dez Bryant,7700,DAL@WAS 10/29/2017 04:25PM ET,,DAL
QB,Tom Brady,7600,LAC@NE 10/29/2017 01:00PM ET,,NE
WR,Michael Thomas,7600,CHI@NO 10/29/2017 01:00PM ET,,NO
WR,DeAndre Hopkins,7500,HOU@SEA 10/29/2017 04:05PM ET,,HOU
WR,Adam Thielen,7400,MIN@CLE 10/29/2017 09:30AM ET,,MIN
RB,Mark Ingram,7400,CHI@NO 10/29/2017 01:00PM ET,,NO
WR,Keenan Allen,7300,LAC@NE 10/29/2017 01:00PM ET,,LAC
QB,Dak Prescott,7300,DAL@WAS 10/29/2017 04:25PM ET,,DAL
RB,Devonta Freeman,7200,ATL@NYJ 10/29/2017 01:00PM ET,,ATL
QB,Carson Wentz,7200,SF@PHI 10/29/2017 01:00PM ET,,PHI
WR,Stefon Diggs,7100,MIN@CLE 10/29/2017 09:30AM ET,,MIN
TE,Rob Gronkowski,7100,LAC@NE 10/29/2017 01:00PM ET,,NE
QB,Drew Brees,7000,CHI@NO 10/29/2017 01:00PM ET,,NO
TE,Zach Ertz,7000,SF@PHI 10/29/2017 01:00PM ET,,PHI
WR,Doug Baldwin,6900,HOU@SEA 10/29/2017 04:05PM ET,,SEA
WR,Brandin Cooks,6800,LAC@NE 10/29/2017 01:00PM ET,,NE
RB,Jordan Howard,6800,CHI@NO 10/29/2017 01:00PM ET,,CHI
QB,Matt Ryan,6800,ATL@NYJ 10/29/2017 01:00PM ET,,ATL
WR,Alshon Jeffery,6700,SF@PHI 10/29/2017 01:00PM ET,,PHI
WR,Amari Cooper,6600,OAK@BUF 10/29/2017 01:00PM ET,,OAK
QB,Cam Newton,6600,CAR@TB 10/29/2017 01:00PM ET,,CAR
RB,Jerick McKinnon,6500,MIN@CLE 10/29/2017 09:30AM ET,,MIN
QB,Derek Carr,6500,OAK@BUF 10/29/2017 01:00PM ET,,OAK
WR,Chris Hogan,6500,LAC@NE 10/29/2017 01:00PM ET,,NE
QB,Russell Wilson,6500,HOU@SEA 10/29/2017 04:05PM ET,,SEA
WR,Golden Tate,6500,PIT@DET 10/29/2017 08:30PM ET,,DET
WR,Kelvin Benjamin,6400,CAR@TB 10/29/2017 01:00PM ET,,CAR
QB,Deshaun Watson,6400,HOU@SEA 10/29/2017 04:05PM ET,,HOU
QB,Kirk Cousins,6400,DAL@WAS 10/29/2017 04:25PM ET,,WAS
WR,Michael Crabtree,6300,OAK@BUF 10/29/2017 01:00PM ET,,OAK
QB,Philip Rivers,6300,LAC@NE 10/29/2017 01:00PM ET,,LAC
RB,Christian McCaffrey,6200,CAR@TB 10/29/2017 01:00PM ET,,CAR
WR,Pierre Garcon,6100,SF@PHI 10/29/2017 01:00PM ET,,SF
QB,Jameis Winston,6100,CAR@TB 10/29/2017 01:00PM ET,,TB
RB,Carlos Hyde,6000,SF@PHI 10/29/2017 01:00PM ET,,SF
QB,Ben Roethlisberger,6000,PIT@DET 10/29/2017 08:30PM ET,,PIT
QB,Matthew Stafford,6000,PIT@DET 10/29/2017 08:30PM ET,,DET
QB,Sam Bradford,5900,MIN@CLE 10/29/2017 09:30AM ET,,MIN
QB,Tyrod Taylor,5900,OAK@BUF 10/29/2017 01:00PM ET,,BUF
RB,Alvin Kamara,5900,CHI@NO 10/29/2017 01:00PM ET,,NO
WR,Devin Funchess,5900,CAR@TB 10/29/2017 01:00PM ET,,CAR
QB,Case Keenum,5800,MIN@CLE 10/29/2017 09:30AM ET,,MIN
RB,Chris Thompson,5800,DAL@WAS 10/29/2017 04:25PM ET,,WAS
QB,Andy Dalton,5700,IND@CIN 10/29/2017 01:00PM ET,,CIN
WR,Danny Amendola,5700,LAC@NE 10/29/2017 01:00PM ET,,NE
WR,T.Y. Hilton,5600,IND@CIN 10/29/2017 01:00PM ET,,IND
QB,Josh McCown,5600,ATL@NYJ 10/29/2017 01:00PM ET,,NYJ
RB,Darren McFadden,5600,DAL@WAS 10/29/2017 04:25PM ET,,DAL
QB,Jimmy Garoppolo,5500,LAC@NE 10/29/2017 01:00PM ET,,NE
WR,Nelson Agholor,5500,SF@PHI 10/29/2017 01:00PM ET,,PHI
RB,Alfred Morris,5500,DAL@WAS 10/29/2017 04:25PM ET,,DAL
WR,Marvin Jones Jr.,5500,PIT@DET 10/29/2017 08:30PM ET,,DET
QB,Andrew Luck,5400,IND@CIN 10/29/2017 01:00PM ET,,IND
RB,Doug Martin,5400,CAR@TB 10/29/2017 01:00PM ET,,TB
WR,Terrelle Pryor Sr.,5400,DAL@WAS 10/29/2017 04:25PM ET,,WAS
QB,Derek Anderson,5300,CAR@TB 10/29/2017 01:00PM ET,,CAR
WR,Will Fuller V,5300,HOU@SEA 10/29/2017 04:05PM ET,,HOU
RB,Lamar Miller,5200,HOU@SEA 10/29/2017 04:05PM ET,,HOU
RB,LeGarrette Blount,5100,SF@PHI 10/29/2017 01:00PM ET,,PHI
QB,C.J. Beathard,5100,SF@PHI 10/29/2017 01:00PM ET,,SF
WR,DeSean Jackson,5100,CAR@TB 10/29/2017 01:00PM ET,,TB
RB,Latavius Murray,5000,MIN@CLE 10/29/2017 09:30AM ET,,MIN
RB,Tevin Coleman,5000,ATL@NYJ 10/29/2017 01:00PM ET,,ATL
QB,Ryan Fitzpatrick,5000,CAR@TB 10/29/2017 01:00PM ET,,TB
QB,Teddy Bridgewater,4900,MIN@CLE 10/29/2017 09:30AM ET,,MIN
QB,Jacoby Brissett,4900,IND@CIN 10/29/2017 01:00PM ET,,IND
RB,James White,4900,LAC@NE 10/29/2017 01:00PM ET,,NE
WR,Mohamed Sanu,4900,ATL@NYJ 10/29/2017 01:00PM ET,,ATL
TE,Austin Seferian-Jenkins,4900,ATL@NYJ 10/29/2017 01:00PM ET,,NYJ
RB,Wendell Smallwood,4900,SF@PHI 10/29/2017 01:00PM ET,,PHI
WR,Kenny Golladay,4900,PIT@DET 10/29/2017 08:30PM ET,,DET
WR,Corey Coleman,4800,MIN@CLE 10/29/2017 09:30AM ET,,CLE
QB,EJ Manuel,4800,OAK@BUF 10/29/2017 01:00PM ET,,OAK
WR,Tyrell Williams,4800,LAC@NE 10/29/2017 01:00PM ET,,LAC
TE,Hunter Henry,4800,LAC@NE 10/29/2017 01:00PM ET,,LAC
RB,Bilal Powell,4800,ATL@NYJ 10/29/2017 01:00PM ET,,NYJ
WR,Jermaine Kearse,4800,ATL@NYJ 10/29/2017 01:00PM ET,,NYJ
QB,Brian Hoyer,4800,SF@PHI 10/29/2017 01:00PM ET,,SF
QB,AJ McCarron,4700,IND@CIN 10/29/2017 01:00PM ET,,CIN
RB,Joe Mixon,4700,IND@CIN 10/29/2017 01:00PM ET,,CIN
WR,Ted Ginn Jr.,4700,CHI@NO 10/29/2017 01:00PM ET,,NO
QB,Colt McCoy,4700,DAL@WAS 10/29/2017 04:25PM ET,,WAS
TE,Jordan Reed,4700,DAL@WAS 10/29/2017 04:25PM ET,,WAS
QB,Kevin Hogan,4600,MIN@CLE 10/29/2017 09:30AM ET,,CLE
QB,DeShone Kizer,4600,MIN@CLE 10/29/2017 09:30AM ET,,CLE
RB,Dion Lewis,4600,LAC@NE 10/29/2017 01:00PM ET,,NE
QB,Chase Daniel,4600,CHI@NO 10/29/2017 01:00PM ET,,NO
QB,Mitchell Trubisky,4600,CHI@NO 10/29/2017 01:00PM ET,,CHI
RB,Tarik Cohen,4600,CHI@NO 10/29/2017 01:00PM ET,,CHI
WR,Taylor Gabriel,4600,ATL@NYJ 10/29/2017 01:00PM ET,,ATL
TE,Jimmy Graham,4600,HOU@SEA 10/29/2017 04:05PM ET,,SEA
TE,Kyle Rudolph,4500,MIN@CLE 10/29/2017 09:30AM ET,,MIN
QB,Cody Kessler,4500,MIN@CLE 10/29/2017 09:30AM ET,,CLE
RB,Duke Johnson Jr.,4500,MIN@CLE 10/29/2017 09:30AM ET,,CLE
QB,Cardale Jones,4500,LAC@NE 10/29/2017 01:00PM ET,,LAC
TE,Cameron Brate,4500,CAR@TB 10/29/2017 01:00PM ET,,TB
WR,Cole Beasley,4500,DAL@WAS 10/29/2017 04:25PM ET,,DAL
QB,Cooper Rush,4500,DAL@WAS 10/29/2017 04:25PM ET,,DAL
QB,Landry Jones,4500,PIT@DET 10/29/2017 08:30PM ET,,PIT
RB,James Conner,4500,PIT@DET 10/29/2017 08:30PM ET,,PIT
QB,Mike Glennon,4400,CHI@NO 10/29/2017 01:00PM ET,,CHI
QB,Nick Foles,4400,SF@PHI 10/29/2017 01:00PM ET,,PHI
TE,Greg Olsen,4400,CAR@TB 10/29/2017 01:00PM ET,,CAR
RB,Jalen Richard,4300,OAK@BUF 10/29/2017 01:00PM ET,,OAK
QB,Scott Tolzien,4300,IND@CIN 10/29/2017 01:00PM ET,,IND
QB,Matt Schaub,4300,ATL@NYJ 10/29/2017 01:00PM ET,,ATL
QB,Austin Davis,4300,HOU@SEA 10/29/2017 04:05PM ET,,SEA
QB,Tom Savage,4300,HOU@SEA 10/29/2017 04:05PM ET,,HOU
WR,Jamison Crowder,4300,DAL@WAS 10/29/2017 04:25PM ET,,WAS
RB,Theo Riddick,4300,PIT@DET 10/29/2017 08:30PM ET,,DET
RB,Mike Gillislee,4200,LAC@NE 10/29/2017 01:00PM ET,,NE
RB,Matt Forte,4200,ATL@NYJ 10/29/2017 01:00PM ET,,NYJ
WR,Robby Anderson,4200,ATL@NYJ 10/29/2017 01:00PM ET,,NYJ
RB,Matt Breida,4200,SF@PHI 10/29/2017 01:00PM ET,,SF
TE,Jason Witten,4200,DAL@WAS 10/29/2017 04:25PM ET,,DAL
RB,Samaje Perine,4200,DAL@WAS 10/29/2017 04:25PM ET,,WAS
RB,Ameer Abdullah,4200,PIT@DET 10/29/2017 08:30PM ET,,DET
QB,Jake Rudock,4200,PIT@DET 10/29/2017 08:30PM ET,,DET
RB,Marshawn Lynch,4100,OAK@BUF 10/29/2017 01:00PM ET,,OAK
RB,DeAndre Washington,4100,OAK@BUF 10/29/2017 01:00PM ET,,OAK
TE,Austin Hooper,4100,ATL@NYJ 10/29/2017 01:00PM ET,,ATL
WR,Tyler Lockett,4100,HOU@SEA 10/29/2017 04:05PM ET,,SEA
RB,Rob Kelley,4100,DAL@WAS 10/29/2017 04:25PM ET,,WAS
DST,Vikings ,4000,MIN@CLE 10/29/2017 09:30AM ET,,MIN
WR,Josh Gordon,4000,MIN@CLE 10/29/2017 09:30AM ET,,CLE
QB,Kyle Sloter,4000,MIN@CLE 10/29/2017 09:30AM ET,,MIN
QB,Joe Webb,4000,OAK@BUF 10/29/2017 01:00PM ET,,BUF
TE,Charles Clay,4000,OAK@BUF 10/29/2017 01:00PM ET,,BUF
QB,Connor Cook,4000,OAK@BUF 10/29/2017 01:00PM ET,,OAK
QB,Nathan Peterman,4000,OAK@BUF 10/29/2017 01:00PM ET,,BUF
RB,Frank Gore,4000,IND@CIN 10/29/2017 01:00PM ET,,IND
QB,Jeff Driskel,4000,IND@CIN 10/29/2017 01:00PM ET,,CIN
RB,Marlon Mack,4000,IND@CIN 10/29/2017 01:00PM ET,,IND
QB,Kellen Clemens,4000,LAC@NE 10/29/2017 01:00PM ET,,LAC
QB,Mark Sanchez,4000,CHI@NO 10/29/2017 01:00PM ET,,CHI
QB,Taysom Hill,4000,CHI@NO 10/29/2017 01:00PM ET,,NO
WR,Willie Snead,4000,CHI@NO 10/29/2017 01:00PM ET,,NO
QB,Bryce Petty,4000,ATL@NYJ 10/29/2017 01:00PM ET,,NYJ
RB,Elijah McGuire,4000,ATL@NYJ 10/29/2017 01:00PM ET,,NYJ
QB,Christian Hackenberg,4000,ATL@NYJ 10/29/2017 01:00PM ET,,NYJ
RB,Jacquizz Rodgers,4000,CAR@TB 10/29/2017 01:00PM ET,,TB
QB,Ryan Griffin,4000,CAR@TB 10/29/2017 01:00PM ET,,TB
QB,Garrett Gilbert,4000,CAR@TB 10/29/2017 01:00PM ET,,CAR
WR,Paul Richardson,4000,HOU@SEA 10/29/2017 04:05PM ET,,SEA
RB,D'Onta Foreman,4000,HOU@SEA 10/29/2017 04:05PM ET,,HOU
QB,Kellen Moore,4000,DAL@WAS 10/29/2017 04:25PM ET,,DAL
QB,Joshua Dobbs,4000,PIT@DET 10/29/2017 08:30PM ET,,PIT
QB,Brad Kaaya,4000,PIT@DET 10/29/2017 08:30PM ET,,DET
WR,JuJu Smith-Schuster,4000,PIT@DET 10/29/2017 08:30PM ET,,PIT
TE,Jared Cook,3900,OAK@BUF 10/29/2017 01:00PM ET,,OAK
WR,Jordan Matthews,3900,OAK@BUF 10/29/2017 01:00PM ET,,BUF
WR,Travis Benjamin,3900,LAC@NE 10/29/2017 01:00PM ET,,LAC
RB,Branden Oliver,3900,LAC@NE 10/29/2017 01:00PM ET,,LAC
WR,Torrey Smith,3900,SF@PHI 10/29/2017 01:00PM ET,,PHI
WR,Marquise Goodwin,3900,SF@PHI 10/29/2017 01:00PM ET,,SF
RB,Corey Clement,3900,SF@PHI 10/29/2017 01:00PM ET,,PHI
WR,Josh Doctson,3900,DAL@WAS 10/29/2017 04:25PM ET,,WAS
RB,Isaiah Crowell,3800,MIN@CLE 10/29/2017 09:30AM ET,,CLE
RB,Mike Tolbert,3800,OAK@BUF 10/29/2017 01:00PM ET,,BUF
WR,Jeremy Kerley,3800,ATL@NYJ 10/29/2017 01:00PM ET,,NYJ
DST,Eagles ,3800,SF@PHI 10/29/2017 01:00PM ET,,PHI
WR,Martavis Bryant,3800,PIT@DET 10/29/2017 08:30PM ET,,PIT
WR,Deonte Thompson,3700,OAK@BUF 10/29/2017 01:00PM ET,,BUF
WR,Brandon LaFell,3700,IND@CIN 10/29/2017 01:00PM ET,,CIN
RB,Giovani Bernard,3700,IND@CIN 10/29/2017 01:00PM ET,,CIN
WR,Phillip Dorsett,3700,LAC@NE 10/29/2017 01:00PM ET,,NE
WR,Justin Hardy,3700,ATL@NYJ 10/29/2017 01:00PM ET,,ATL
WR,Adam Humphries,3700,CAR@TB 10/29/2017 01:00PM ET,,TB
RB,Alfred Blue,3700,HOU@SEA 10/29/2017 04:05PM ET,,HOU
RB,C.J. Prosise,3700,HOU@SEA 10/29/2017 04:05PM ET,,SEA
TE,Vernon Davis,3700,DAL@WAS 10/29/2017 04:25PM ET,,WAS
DST,Bengals ,3600,IND@CIN 10/29/2017 01:00PM ET,,CIN
RB,Rex Burkhead,3600,LAC@NE 10/29/2017 01:00PM ET,,NE
WR,Malcolm Mitchell,3600,LAC@NE 10/29/2017 01:00PM ET,,NE
WR,Mike Williams,3600,LAC@NE 10/29/2017 01:00PM ET,,LAC
WR,Aldrick Robinson,3600,SF@PHI 10/29/2017 01:00PM ET,,SF
RB,Kenjon Barner,3600,SF@PHI 10/29/2017 01:00PM ET,,PHI
TE,George Kittle,3600,SF@PHI 10/29/2017 01:00PM ET,,SF
RB,Jonathan Stewart,3600,CAR@TB 10/29/2017 01:00PM ET,,CAR
RB,Thomas Rawls,3600,HOU@SEA 10/29/2017 04:05PM ET,,SEA
WR,Terrance Williams,3600,DAL@WAS 10/29/2017 04:25PM ET,,DAL
RB,Zach Zenner,3600,PIT@DET 10/29/2017 08:30PM ET,,DET
RB,Dwayne Washington,3600,PIT@DET 10/29/2017 08:30PM ET,,DET
WR,Ricardo Louis,3500,MIN@CLE 10/29/2017 09:30AM ET,,CLE
WR,Zay Jones,3500,OAK@BUF 10/29/2017 01:00PM ET,,BUF
TE,Jack Doyle,3500,IND@CIN 10/29/2017 01:00PM ET,,IND
WR,Donte Moncrief,3500,IND@CIN 10/29/2017 01:00PM ET,,IND
RB,Austin Ekeler,3500,LAC@NE 10/29/2017 01:00PM ET,,LAC
WR,Kendall Wright,3500,CHI@NO 10/29/2017 01:00PM ET,,CHI
WR,Brandon Coleman,3500,CHI@NO 10/29/2017 01:00PM ET,,NO
WR,Andre Roberts,3500,ATL@NYJ 10/29/2017 01:00PM ET,,ATL
WR,Marvin Hall,3500,ATL@NYJ 10/29/2017 01:00PM ET,,ATL
RB,Eddie Lacy,3500,HOU@SEA 10/29/2017 04:05PM ET,,SEA
WR,Ryan Grant,3500,DAL@WAS 10/29/2017 04:25PM ET,,WAS
RB,Mack Brown,3500,DAL@WAS 10/29/2017 04:25PM ET,,WAS
WR,TJ Jones,3500,PIT@DET 10/29/2017 08:30PM ET,,DET
DST,Saints ,3400,CHI@NO 10/29/2017 01:00PM ET,,NO
TE,Ed Dickson,3400,CAR@TB 10/29/2017 01:00PM ET,,CAR
WR,Russell Shepard,3400,CAR@TB 10/29/2017 01:00PM ET,,CAR
RB,Charles Sims,3400,CAR@TB 10/29/2017 01:00PM ET,,TB
WR,Brice Butler,3400,DAL@WAS 10/29/2017 04:25PM ET,,DAL
WR,Kenny Britt,3300,MIN@CLE 10/29/2017 09:30AM ET,,CLE
WR,Laquon Treadwell,3300,MIN@CLE 10/29/2017 09:30AM ET,,MIN
WR,Seth Roberts,3300,OAK@BUF 10/29/2017 01:00PM ET,,OAK
RB,Jeremy Hill,3300,IND@CIN 10/29/2017 01:00PM ET,,CIN
WR,Curtis Samuel,3300,CAR@TB 10/29/2017 01:00PM ET,,CAR
WR,Bruce Ellington,3300,HOU@SEA 10/29/2017 04:05PM ET,,HOU
RB,J.D. McKissic,3300,HOU@SEA 10/29/2017 04:05PM ET,,SEA
WR,Brandon Tate,3200,OAK@BUF 10/29/2017 01:00PM ET,,BUF
WR,Andre Holmes,3200,OAK@BUF 10/29/2017 01:00PM ET,,BUF
WR,John Ross,3200,IND@CIN 10/29/2017 01:00PM ET,,CIN
TE,Zach Miller,3200,CHI@NO 10/29/2017 01:00PM ET,,CHI
WR,Markus Wheaton,3200,CHI@NO 10/29/2017 01:00PM ET,,CHI
WR,Nick Williams,3200,ATL@NYJ 10/29/2017 01:00PM ET,,ATL
WR,Trent Taylor,3200,SF@PHI 10/29/2017 01:00PM ET,,SF
DST,Seahawks ,3200,HOU@SEA 10/29/2017 04:05PM ET,,SEA
RB,Rod Smith,3200,DAL@WAS 10/29/2017 04:25PM ET,,DAL
WR,Jarius Wright,3100,MIN@CLE 10/29/2017 09:30AM ET,,MIN
TE,Nick O'Leary,3100,OAK@BUF 10/29/2017 01:00PM ET,,BUF
WR,Tyler Boyd,3100,IND@CIN 10/29/2017 01:00PM ET,,CIN
WR,Tanner Gentry,3100,CHI@NO 10/29/2017 01:00PM ET,,CHI
DST,Falcons ,3100,ATL@NYJ 10/29/2017 01:00PM ET,,ATL
TE,Ryan Griffin,3100,HOU@SEA 10/29/2017 04:05PM ET,,HOU
WR,Michael Floyd,3000,MIN@CLE 10/29/2017 09:30AM ET,,MIN
WR,James Wright,3000,MIN@CLE 10/29/2017 09:30AM ET,,CLE
WR,Sammie Coates,3000,MIN@CLE 10/29/2017 09:30AM ET,,CLE
WR,Kasen Williams,3000,MIN@CLE 10/29/2017 09:30AM ET,,CLE
WR,Bryce Treggs,3000,MIN@CLE 10/29/2017 09:30AM ET,,CLE
RB,Danny Vitale,3000,MIN@CLE 10/29/2017 09:30AM ET,,CLE
WR,Stacy Coley,3000,MIN@CLE 10/29/2017 09:30AM ET,,MIN
WR,Rashard Higgins,3000,MIN@CLE 10/29/2017 09:30AM ET,,CLE
RB,Matthew Dayes,3000,MIN@CLE 10/29/2017 09:30AM ET,,CLE
WR,Rodney Adams,3000,MIN@CLE 10/29/2017 09:30AM ET,,MIN
RB,C.J. Ham,3000,MIN@CLE 10/29/2017 09:30AM ET,,MIN
RB,Taiwan Jones,3000,OAK@BUF 10/29/2017 01:00PM ET,,BUF
RB,Patrick DiMarco,3000,OAK@BUF 10/29/2017 01:00PM ET,,BUF
WR,Walter Powell,3000,OAK@BUF 10/29/2017 01:00PM ET,,BUF
RB,Jamize Olawale,3000,OAK@BUF 10/29/2017 01:00PM ET,,OAK
WR,Cordarrelle Patterson,3000,OAK@BUF 10/29/2017 01:00PM ET,,OAK
WR,Johnny Holton,3000,OAK@BUF 10/29/2017 01:00PM ET,,OAK
WR,Kamar Aiken,3000,IND@CIN 10/29/2017 01:00PM ET,,IND
RB,George Winn,3000,IND@CIN 10/29/2017 01:00PM ET,,IND
TE,Tyler Kroft,3000,IND@CIN 10/29/2017 01:00PM ET,,CIN
WR,Quan Bray,3000,IND@CIN 10/29/2017 01:00PM ET,,IND
RB,Josh Ferguson,3000,IND@CIN 10/29/2017 01:00PM ET,,IND
RB,Tra Carson,3000,IND@CIN 10/29/2017 01:00PM ET,,CIN
WR,Alex Erickson,3000,IND@CIN 10/29/2017 01:00PM ET,,CIN
RB,Matt Jones,3000,IND@CIN 10/29/2017 01:00PM ET,,IND
WR,Cody Core,3000,IND@CIN 10/29/2017 01:00PM ET,,CIN
WR,Chester Rogers,3000,IND@CIN 10/29/2017 01:00PM ET,,IND
WR,Josh Malone,3000,IND@CIN 10/29/2017 01:00PM ET,,CIN
WR,Matthew Slater,3000,LAC@NE 10/29/2017 01:00PM ET,,NE
RB,James Develin,3000,LAC@NE 10/29/2017 01:00PM ET,,NE
RB,Brandon Bolden,3000,LAC@NE 10/29/2017 01:00PM ET,,NE
RB,Andre Williams,3000,LAC@NE 10/29/2017 01:00PM ET,,LAC
RB,Derek Watt,3000,LAC@NE 10/29/2017 01:00PM ET,,LAC
WR,Dontrelle Inman,3000,CHI@NO 10/29/2017 01:00PM ET,,CHI
RB,Zach Line,3000,CHI@NO 10/29/2017 01:00PM ET,,NO
RB,Benny Cunningham,3000,CHI@NO 10/29/2017 01:00PM ET,,CHI
WR,Josh Bellamy,3000,CHI@NO 10/29/2017 01:00PM ET,,CHI
RB,Michael Burton,3000,CHI@NO 10/29/2017 01:00PM ET,,CHI
WR,Tre McBride,3000,CHI@NO 10/29/2017 01:00PM ET,,CHI
RB,Daniel Lasco II,3000,CHI@NO 10/29/2017 01:00PM ET,,NO
WR,Tommylee Lewis,3000,CHI@NO 10/29/2017 01:00PM ET,,NO
RB,Trey Edmunds,3000,CHI@NO 10/29/2017 01:00PM ET,,NO
WR,Austin Carr,3000,CHI@NO 10/29/2017 01:00PM ET,,NO
RB,Taquan Mizzell,3000,CHI@NO 10/29/2017 01:00PM ET,,CHI
RB,Travaris Cadet,3000,ATL@NYJ 10/29/2017 01:00PM ET,,NYJ
RB,Derrick Coleman,3000,ATL@NYJ 10/29/2017 01:00PM ET,,ATL
RB,Terron Ward,3000,ATL@NYJ 10/29/2017 01:00PM ET,,ATL
RB,Lawrence Thomas,3000,ATL@NYJ 10/29/2017 01:00PM ET,,NYJ
WR,Jalin Marshall,3000,ATL@NYJ 10/29/2017 01:00PM ET,,NYJ
WR,Lucky Whitehead,3000,ATL@NYJ 10/29/2017 01:00PM ET,,NYJ
WR,ArDarius Stewart,3000,ATL@NYJ 10/29/2017 01:00PM ET,,NYJ
WR,Chad Hansen,3000,ATL@NYJ 10/29/2017 01:00PM ET,,NYJ
RB,Kyle Juszczyk,3000,SF@PHI 10/29/2017 01:00PM ET,,SF
RB,Raheem Mostert,3000,SF@PHI 10/29/2017 01:00PM ET,,SF
WR,Marcus Johnson,3000,SF@PHI 10/29/2017 01:00PM ET,,PHI
WR,Mack Hollins,3000,SF@PHI 10/29/2017 01:00PM ET,,PHI
WR,Shelton Gibson,3000,SF@PHI 10/29/2017 01:00PM ET,,PHI
WR,Victor Bolden Jr.,3000,SF@PHI 10/29/2017 01:00PM ET,,SF
WR,Kendrick Bourne,3000,SF@PHI 10/29/2017 01:00PM ET,,SF
RB,Fozzy Whittaker,3000,CAR@TB 10/29/2017 01:00PM ET,,CAR
WR,Kaelin Clay,3000,CAR@TB 10/29/2017 01:00PM ET,,CAR
WR,Bernard Reedy,3000,CAR@TB 10/29/2017 01:00PM ET,,TB
WR,Damiere Byrd,3000,CAR@TB 10/29/2017 01:00PM ET,,CAR
RB,Cameron Artis-Payne,3000,CAR@TB 10/29/2017 01:00PM ET,,CAR
RB,Peyton Barber,3000,CAR@TB 10/29/2017 01:00PM ET,,TB
WR,Chris Godwin,3000,CAR@TB 10/29/2017 01:00PM ET,,TB
RB,Alex Armah,3000,CAR@TB 10/29/2017 01:00PM ET,,CAR
RB,Jordan Todman,3000,HOU@SEA 10/29/2017 04:05PM ET,,HOU
RB,Jay Prosch,3000,HOU@SEA 10/29/2017 04:05PM ET,,HOU
TE,C.J. Fiedorowicz,3000,HOU@SEA 10/29/2017 04:05PM ET,,HOU
WR,Braxton Miller,3000,HOU@SEA 10/29/2017 04:05PM ET,,HOU
RB,Tre Madden,3000,HOU@SEA 10/29/2017 04:05PM ET,,SEA
WR,Tanner McEvoy,3000,HOU@SEA 10/29/2017 04:05PM ET,,SEA
WR,Amara Darboh,3000,HOU@SEA 10/29/2017 04:05PM ET,,SEA
WR,Chris Thompson,3000,HOU@SEA 10/29/2017 04:05PM ET,,HOU
WR,Brian Quick,3000,DAL@WAS 10/29/2017 04:25PM ET,,WAS
RB,Keith Smith,3000,DAL@WAS 10/29/2017 04:25PM ET,,DAL
WR,Ryan Switzer,3000,DAL@WAS 10/29/2017 04:25PM ET,,DAL
WR,Noah Brown,3000,DAL@WAS 10/29/2017 04:25PM ET,,DAL
WR,Darrius Heyward-Bey,3000,PIT@DET 10/29/2017 08:30PM ET,,PIT
WR,Jared Abbrederis,3000,PIT@DET 10/29/2017 08:30PM ET,,DET
WR,Justin Hunter,3000,PIT@DET 10/29/2017 08:30PM ET,,PIT
RB,Roosevelt Nix,3000,PIT@DET 10/29/2017 08:30PM ET,,PIT
TE,Eric Ebron,3000,PIT@DET 10/29/2017 08:30PM ET,,DET
WR,Eli Rogers,3000,PIT@DET 10/29/2017 08:30PM ET,,PIT
RB,Terrell Watson,3000,PIT@DET 10/29/2017 08:30PM ET,,PIT
RB,Tion Green,3000,PIT@DET 10/29/2017 08:30PM ET,,DET
DST,Bills ,2900,OAK@BUF 10/29/2017 01:00PM ET,,BUF
TE,Antonio Gates,2900,LAC@NE 10/29/2017 01:00PM ET,,LAC
TE,Coby Fleener,2900,CHI@NO 10/29/2017 01:00PM ET,,NO
TE,O.J. Howard,2900,CAR@TB 10/29/2017 01:00PM ET,,TB
DST,Steelers ,2900,PIT@DET 10/29/2017 08:30PM ET,,PIT
TE,David Njoku,2800,MIN@CLE 10/29/2017 09:30AM ET,,CLE
DST,Raiders ,2800,OAK@BUF 10/29/2017 01:00PM ET,,OAK
DST,Panthers ,2800,CAR@TB 10/29/2017 01:00PM ET,,CAR
TE,Stephen Anderson,2800,HOU@SEA 10/29/2017 04:05PM ET,,HOU
TE,Jesse James,2800,PIT@DET 10/29/2017 08:30PM ET,,PIT
TE,Dwayne Allen,2700,LAC@NE 10/29/2017 01:00PM ET,,NE
DST,Texans ,2700,HOU@SEA 10/29/2017 04:05PM ET,,HOU
TE,Seth DeValve,2600,MIN@CLE 10/29/2017 09:30AM ET,,CLE
TE,Logan Thomas,2600,OAK@BUF 10/29/2017 01:00PM ET,,BUF
DST,Buccaneers ,2600,CAR@TB 10/29/2017 01:00PM ET,,TB
TE,Luke Willson,2600,HOU@SEA 10/29/2017 04:05PM ET,,SEA
DST,Lions ,2600,PIT@DET 10/29/2017 08:30PM ET,,DET
TE,Vance McDonald,2600,PIT@DET 10/29/2017 08:30PM ET,,PIT
TE,Kevin McDermott,2500,MIN@CLE 10/29/2017 09:30AM ET,,MIN
TE,Blake Bell,2500,MIN@CLE 10/29/2017 09:30AM ET,,MIN
TE,Randall Telfer,2500,MIN@CLE 10/29/2017 09:30AM ET,,CLE
TE,David Morgan,2500,MIN@CLE 10/29/2017 09:30AM ET,,MIN
TE,Lee Smith,2500,OAK@BUF 10/29/2017 01:00PM ET,,OAK
TE,Clive Walford,2500,OAK@BUF 10/29/2017 01:00PM ET,,OAK
TE,Khari Lee,2500,OAK@BUF 10/29/2017 01:00PM ET,,BUF
TE,Clark Harris,2500,IND@CIN 10/29/2017 01:00PM ET,,CIN
TE,Ryan Hewitt,2500,IND@CIN 10/29/2017 01:00PM ET,,CIN
TE,Brandon Williams,2500,IND@CIN 10/29/2017 01:00PM ET,,IND
TE,Erik Swoope,2500,IND@CIN 10/29/2017 01:00PM ET,,IND
TE,C.J. Uzomah,2500,IND@CIN 10/29/2017 01:00PM ET,,CIN
TE,Henry Krieger-Coble,2500,IND@CIN 10/29/2017 01:00PM ET,,IND
TE,Cethan Carter,2500,IND@CIN 10/29/2017 01:00PM ET,,CIN
TE,Darrell Daniels,2500,IND@CIN 10/29/2017 01:00PM ET,,IND
DST,Chargers ,2500,LAC@NE 10/29/2017 01:00PM ET,,LAC
TE,Sean McGrath,2500,LAC@NE 10/29/2017 01:00PM ET,,LAC
TE,Sean Culkin,2500,LAC@NE 10/29/2017 01:00PM ET,,LAC
TE,Jacob Hollister,2500,LAC@NE 10/29/2017 01:00PM ET,,NE
DST,Bears ,2500,CHI@NO 10/29/2017 01:00PM ET,,CHI
TE,Andrew DePaola,2500,CHI@NO 10/29/2017 01:00PM ET,,CHI
TE,Michael Hoomanawanui,2500,CHI@NO 10/29/2017 01:00PM ET,,NO
TE,Josh Hill,2500,CHI@NO 10/29/2017 01:00PM ET,,NO
TE,Dion Sims,2500,CHI@NO 10/29/2017 01:00PM ET,,CHI
TE,Daniel Brown,2500,CHI@NO 10/29/2017 01:00PM ET,,CHI
TE,Adam Shaheen,2500,CHI@NO 10/29/2017 01:00PM ET,,CHI
TE,Levine Toilolo,2500,ATL@NYJ 10/29/2017 01:00PM ET,,ATL
TE,Eric Tomlinson,2500,ATL@NYJ 10/29/2017 01:00PM ET,,NYJ
TE,Eric Saubert,2500,ATL@NYJ 10/29/2017 01:00PM ET,,ATL
TE,Jordan Leggett,2500,ATL@NYJ 10/29/2017 01:00PM ET,,NYJ
TE,Brent Celek,2500,SF@PHI 10/29/2017 01:00PM ET,,PHI
TE,Logan Paulsen,2500,SF@PHI 10/29/2017 01:00PM ET,,SF
TE,Kyle Nelson,2500,SF@PHI 10/29/2017 01:00PM ET,,SF
TE,Garrett Celek,2500,SF@PHI 10/29/2017 01:00PM ET,,SF
TE,Trey Burton,2500,SF@PHI 10/29/2017 01:00PM ET,,PHI
TE,Cole Hikutini,2500,SF@PHI 10/29/2017 01:00PM ET,,SF
TE,Luke Stocker,2500,CAR@TB 10/29/2017 01:00PM ET,,TB
TE,Chris Manhertz,2500,CAR@TB 10/29/2017 01:00PM ET,,CAR
TE,Antony Auclair,2500,CAR@TB 10/29/2017 01:00PM ET,,TB
TE,Tyler Ott,2500,HOU@SEA 10/29/2017 04:05PM ET,,SEA
TE,Nick Vannett,2500,HOU@SEA 10/29/2017 04:05PM ET,,SEA
TE,Niles Paul,2500,DAL@WAS 10/29/2017 04:25PM ET,,WAS
TE,James Hanna,2500,DAL@WAS 10/29/2017 04:25PM ET,,DAL
TE,Jeremy Sprinkle,2500,DAL@WAS 10/29/2017 04:25PM ET,,WAS
TE,Rico Gathers,2500,DAL@WAS 10/29/2017 04:25PM ET,,DAL
TE,Geoff Swaim,2500,DAL@WAS 10/29/2017 04:25PM ET,,DAL
TE,Darren Fells,2500,PIT@DET 10/29/2017 08:30PM ET,,DET
TE,Xavier Grimble,2500,PIT@DET 10/29/2017 08:30PM ET,,PIT
TE,Michael Roberts,2500,PIT@DET 10/29/2017 08:30PM ET,,DET
DST,Patriots ,2400,LAC@NE 10/29/2017 01:00PM ET,,NE
DST,Redskins ,2400,DAL@WAS 10/29/2017 04:25PM ET,,WAS
DST,Browns ,2300,MIN@CLE 10/29/2017 09:30AM ET,,CLE
DST,Colts ,2300,IND@CIN 10/29/2017 01:00PM ET,,IND
DST,Cowboys ,2300,DAL@WAS 10/29/2017 04:25PM ET,,DAL
DST,Jets ,2200,ATL@NYJ 10/29/2017 01:00PM ET,,NYJ
DST,49ers ,2100,SF@PHI 10/29/2017 01:00PM ET,,SF